"Message",Low,"Starting .NET Native compilation"
"Message",Low,""
"Message",Low,""
"Message",Low,"Task ""Gatekeeper"""
"Message",Normal,"Launching 'C:\Program Files (x86)\Microsoft SDKs\UWPNuGetPackages\microsoft.net.native.compiler\1.7.3\tools\ARM\ilc\Tools\Gatekeeper.exe @""C:\Users\Kamil\source\repos\IoT-GrupaC\EiT_SiU_SensorManager\EiT_SiU_SensorManager\obj\ARM\Release\ilc\intermediate\gkargs.rsp""'"
"Message",Low,"Microsoft (R) .NET Native Gatekeeper Version 1.7.25927.00 "
"Message",Low,"Copyright (C) Microsoft Corporation.  All rights reserved. "
"Message",Low," "
"Message",Low,"Checking assembly 'C:\Users\Kamil\source\repos\IoT-GrupaC\EiT_SiU_SensorManager\EiT_SiU_SensorManager\obj\ARM\Release\ilc\in\EiT_SiU_SensorManager.winmd'. "
"Message",Low,"Checking assembly 'C:\Users\Kamil\source\repos\IoT-GrupaC\EiT_SiU_SensorManager\EiT_SiU_SensorManager\obj\ARM\Release\ilc\in\Firebase_IoT_Manger.dll'. "
"Message",Low,"Checking assembly 'C:\Users\Kamil\source\repos\IoT-GrupaC\EiT_SiU_SensorManager\EiT_SiU_SensorManager\obj\ARM\Release\ilc\in\FireSharp.dll'. "
"Message",Low,"Checking assembly 'C:\Users\Kamil\source\repos\IoT-GrupaC\EiT_SiU_SensorManager\EiT_SiU_SensorManager\obj\ARM\Release\ilc\in\Microsoft.Threading.Tasks.dll'. "
"Message",Low,"Checking assembly 'C:\Users\Kamil\source\repos\IoT-GrupaC\EiT_SiU_SensorManager\EiT_SiU_SensorManager\obj\ARM\Release\ilc\in\Microsoft.Threading.Tasks.Extensions.dll'. "
"Message",Low,"Checking assembly 'C:\Users\Kamil\source\repos\IoT-GrupaC\EiT_SiU_SensorManager\EiT_SiU_SensorManager\obj\ARM\Release\ilc\in\MQTTnet.dll'. "
"Message",Low,"Checking assembly 'C:\Users\Kamil\source\repos\IoT-GrupaC\EiT_SiU_SensorManager\EiT_SiU_SensorManager\obj\ARM\Release\ilc\in\Newtonsoft.Json.dll'. "
"Message",Normal,"'C:\Program Files (x86)\Microsoft SDKs\UWPNuGetPackages\microsoft.net.native.compiler\1.7.3\tools\ARM\ilc\Tools\Gatekeeper.exe @""C:\Users\Kamil\source\repos\IoT-GrupaC\EiT_SiU_SensorManager\EiT_SiU_SensorManager\obj\ARM\Release\ilc\intermediate\gkargs.rsp""' completed."
"Message",Normal,"Process execution statistics (all times in milliseconds)"
"Message",Normal,"-----------------------------------------------------------------------------"
"Message",Normal,"launch  |  start   |   stop   |   end    | duration | lifetime | [slot] name"
"Message",Normal,"-----------------------------------------------------------------------------"
"Message",Normal,"       0 |       16 |      734 |      734 |      718 |      734 | [0] Gatekeeper"
"Message",Normal,"Number of commands:      1"
"Message",Normal,"Total system time:       734 ms"
"Message",Normal,"System time per command: 734 ms"
"Message",Normal,"Total duration:          718 ms"
"Message",Normal,"Total lifetime:          734 ms"
"Message",Normal,"Requested DOP:           8"
"Message",Normal,"Duration DOP:            1.0"
"Message",Normal,"Lifetime DOP:            1.0"
"Message",Low,"Done executing task ""Gatekeeper""."
"Message",Low,"Done building target ""RunGatekeeper"" in file ""Preparation""."
"Message",Low,""
"Message",Low,"Task ""csc"""
"Message",Normal,"Launching 'C:\Program Files (x86)\Microsoft SDKs\UWPNuGetPackages\microsoft.net.native.compiler\1.7.3\tools\ARM\ilc\csc\csc.exe /debug+ /noconfig /nostdlib+ /out:""C:\Users\Kamil\source\repos\IoT-GrupaC\EiT_SiU_SensorManager\EiT_SiU_SensorManager\obj\ARM\Release\ilc\intermediate\EiT-SiU-SensorManager.exe"" /pdb:""C:\Users\Kamil\source\repos\IoT-GrupaC\EiT_SiU_SensorManager\EiT_SiU_SensorManager\obj\ARM\Release\ilc\intermediate\EiT-SiU-SensorManager.pdb"" /reference:""C:\Program Files (x86)\Microsoft SDKs\UWPNuGetPackages\microsoft.net.native.compiler\1.7.3\tools\ARM\ilc\lib\Private\System.Private.CoreLib.dll"" /target:winexe ""C:\Users\Kamil\source\repos\IoT-GrupaC\EiT_SiU_SensorManager\EiT_SiU_SensorManager\obj\ARM\Release\ilc\intermediate\fake.cs""'"
"Message",Low,"Microsoft (R) Visual C# Compiler version 1.3.0.60613"
"Message",Low,"Copyright (C) Microsoft Corporation. All rights reserved."
"Message",Normal,"'C:\Program Files (x86)\Microsoft SDKs\UWPNuGetPackages\microsoft.net.native.compiler\1.7.3\tools\ARM\ilc\csc\csc.exe /debug+ /noconfig /nostdlib+ /out:""C:\Users\Kamil\source\repos\IoT-GrupaC\EiT_SiU_SensorManager\EiT_SiU_SensorManager\obj\ARM\Release\ilc\intermediate\EiT-SiU-SensorManager.exe"" /pdb:""C:\Users\Kamil\source\repos\IoT-GrupaC\EiT_SiU_SensorManager\EiT_SiU_SensorManager\obj\ARM\Release\ilc\intermediate\EiT-SiU-SensorManager.pdb"" /reference:""C:\Program Files (x86)\Microsoft SDKs\UWPNuGetPackages\microsoft.net.native.compiler\1.7.3\tools\ARM\ilc\lib\Private\System.Private.CoreLib.dll"" /target:winexe ""C:\Users\Kamil\source\repos\IoT-GrupaC\EiT_SiU_SensorManager\EiT_SiU_SensorManager\obj\ARM\Release\ilc\intermediate\fake.cs""' completed."
"Message",Normal,"Process execution statistics (all times in milliseconds)"
"Message",Normal,"-----------------------------------------------------------------------------"
"Message",Normal,"launch  |  start   |   stop   |   end    | duration | lifetime | [slot] name"
"Message",Normal,"-----------------------------------------------------------------------------"
"Message",Normal,"      16 |       16 |     2969 |     2969 |     2953 |     2953 | [0] csc"
"Message",Normal,"Number of commands:      1"
"Message",Normal,"Total system time:       2969 ms"
"Message",Normal,"System time per command: 2969 ms"
"Message",Normal,"Total duration:          2953 ms"
"Message",Normal,"Total lifetime:          2953 ms"
"Message",Normal,"Requested DOP:           8"
"Message",Normal,"Duration DOP:            1.0"
"Message",Normal,"Lifetime DOP:            1.0"
"Message",Low,"Done executing task ""csc""."
"Message",Low,"Done building target ""GenerateFakeExe"" in file ""Preparation""."
"Message",Low,""
"Message",Low,"Task ""InjectWindowsRuntimeTypeForwards"""
"Message",Normal,"Running 'InjectWindowsRuntimeTypeForwards' transform, heap at 14 MB."
"Message",Normal,"Running 'WriteAssemblies' transform, heap at 19 MB."
"Message",Normal,""
"Message",Normal,"Transform summary"
"Message",Normal,"    ms | heap delta | name"
"Message",Normal,"   576 |          5 | InjectWindowsRuntimeTypeForwards"
"Message",Normal,"   322 |         -8 | WriteAssemblies"
"Message",Low,"Done executing task ""InjectWindowsRuntimeTypeForwards""."
"Message",Low,"Done building target ""InjectWindowRuntimeTypeForwards"" in file ""Preparation""."
"Message",Low,""
"Message",Low,"Task ""PreResolveAssemblyClosure"""
"Message",Low,"Done executing task ""PreResolveAssemblyClosure""."
"Message",Low,"Task ""PreResolveTransforms"""
"Message",Normal,"Running 'ResolveSelfReferences' transform, heap at 24 MB."
"Message",Normal,"Running 'RemoveDuplicateMembers' transform, heap at 54 MB."
"Message",Normal,"Running 'PortableLib' transform, heap at 54 MB."
"Warning",,0,0,"ILTransform : warning ILT0017: Assembly 'Microsoft.Threading.Tasks.Extensions' requests the address of the virtual method 'Stream.BeginRead(byte[], int, int, AsyncCallback, object)' which is not available in the targeted .NET platform. Please ask the author of 'Microsoft.Threading.Tasks.Extensions' to provide an implementation that can be used in the currently targeted .NET platform."
"Warning",,0,0,"ILTransform : warning ILT0017: Assembly 'Microsoft.Threading.Tasks.Extensions' requests the address of the virtual method 'Stream.EndRead(IAsyncResult)' which is not available in the targeted .NET platform. Please ask the author of 'Microsoft.Threading.Tasks.Extensions' to provide an implementation that can be used in the currently targeted .NET platform."
"Warning",,0,0,"ILTransform : warning ILT0017: Assembly 'Microsoft.Threading.Tasks.Extensions' requests the address of the virtual method 'Stream.BeginWrite(byte[], int, int, AsyncCallback, object)' which is not available in the targeted .NET platform. Please ask the author of 'Microsoft.Threading.Tasks.Extensions' to provide an implementation that can be used in the currently targeted .NET platform."
"Warning",,0,0,"ILTransform : warning ILT0017: Assembly 'Microsoft.Threading.Tasks.Extensions' requests the address of the virtual method 'Stream.EndWrite(IAsyncResult)' which is not available in the targeted .NET platform. Please ask the author of 'Microsoft.Threading.Tasks.Extensions' to provide an implementation that can be used in the currently targeted .NET platform."
"Message",Normal,"Running 'WriteAssemblies' transform, heap at 92 MB."
"Message",Normal,""
"Message",Normal,"Transform summary"
"Message",Normal,"    ms | heap delta | name"
"Message",Normal,"   325 |         30 | ResolveSelfReferences"
"Message",Normal,"   322 |         38 | PortableLib"
"Message",Normal,"   215 |        -49 | WriteAssemblies"
"Message",Normal,"     0 |          0 | RemoveDuplicateMembers"
"Message",Low,"Done executing task ""PreResolveTransforms""."
"Message",Low,"Done building target ""PreResolveTransforms"" in file ""Preparation""."
"Message",Low,""
"Message",Low,"Task ""InitialAssemblyClosure"""
"Message",Low,"Done executing task ""InitialAssemblyClosure""."
"Message",Low,"Task ""ResolveInitialReferencesAssemblyClosure1"""
"Message",Low,"Done executing task ""ResolveInitialReferencesAssemblyClosure1""."
"Message",Low,"Task ""ResolveInitialReferencesAssemblyClosure2"""
"Message",Low,"Done executing task ""ResolveInitialReferencesAssemblyClosure2""."
"Message",Low,"Done building target ""ResolveInitialReferences"" in file ""Preparation""."
"Message",Low,"Done building project ""Preparation""."
"Message",Low,""
"Message",Low,""
"Message",High,"Processing application code"
"Message",Low,"Task ""ValidateSimpleNames"""
"Message",Low,"Done executing task ""ValidateSimpleNames""."
"Message",Low,"Task ""McgContractsResolveFilePath"""
"Message",Low,"Done executing task ""McgContractsResolveFilePath""."
"Message",Low,"Task ""McgFacadeResolveFilePath"""
"Message",Low,"Done executing task ""McgFacadeResolveFilePath""."
"Message",Low,"Task ""FinalAssemblyClosureRootsResolveFilePaths"""
"Message",Low,"Done executing task ""FinalAssemblyClosureRootsResolveFilePaths""."
"Message",Low,"Task ""FinalAssemblyClosure"""
"Message",Low,"Done executing task ""FinalAssemblyClosure""."
"Message",Low,"Task ""RunILTransforms"""
"Message",Normal,"Running 'Analysis' transform, heap at 31 MB."
"Message",Low,"Loading 91 modules..."
"Message",Normal,"Imported reflection directives from 14 files:"
"Message",Normal,"C:\Users\Kamil\source\repos\IoT-GrupaC\EiT_SiU_SensorManager\EiT_SiU_SensorManager\obj\ARM\Release\ilc\in\Properties\Default.rd.xml"
"Message",Normal,"Embedded manifest in System.Diagnostics.Tracing: Resources.System.Diagnostics.Tracing.rd.xml"
"Message",Normal,"Embedded manifest in System.Private.Reflection: System.Private.Reflection.rd.xml"
"Message",Normal,"Embedded manifest in System.Private.CoreLib: Resources.System.Private.CoreLib.rd.xml"
"Message",Normal,"Embedded manifest in System.Private.Uri: Resources.System.Private.Uri.rd.xml"
"Message",Normal,"Embedded manifest in System.Private.Reflection.Core: System.Private.Reflection.Core.rd.xml"
"Message",Normal,"Embedded manifest in System.Private.PortableThunks: Resources.System.Private.PortableThunks.rd.xml"
"Message",Normal,"Embedded manifest in System.Dynamic.Runtime: Resources.System.Dynamic.Runtime.rd.xml"
"Message",Normal,"Embedded manifest in System.Runtime.Serialization.Primitives: System.Runtime.Serialization.Primitives.Resources.System.Runtime.Serialization.Primitives.rd.xml"
"Message",Normal,"Embedded manifest in System.Xml.ReaderWriter: System.Xml.Resources.System.Xml.ReaderWriter.rd.xml"
"Message",Normal,"Embedded manifest in System.Xml.XDocument: System.Xml.Resources.System.Xml.XDocument.rd.xml"
"Message",Normal,"Embedded manifest in System.Linq.Expressions: Resources.System.Linq.Expressions.rd.xml"
"Message",Normal,"Embedded manifest in System.Private.Interop: Resources.System.Private.Interop.rd.xml"
"Message",Normal,"Newtonsoft.Json"
"Message",Normal,"Running 'Mcg' transform, heap at 154 MB."
"Message",High,"Computing application closure and generating interop code"
"Message",Normal,"  List of .lib files:"
"Message",Normal,"      WindowsApp.lib"
"Message",Normal,"      winsqlite3.lib"
"Message",Normal,"  List of .lib search paths:"
"Message",Normal,"      D:\Windows Kits\10\lib\10.0.17134.0\um\arm"
"Message",Normal,"  Loading exports from libs..."
"Message",Normal,"      3172 exports read from 'D:\Windows Kits\10\lib\10.0.17134.0\um\arm\WindowsApp.lib'."
"Message",Normal,"      243 exports read from 'D:\Windows Kits\10\lib\10.0.17134.0\um\arm\winsqlite3.lib'."
"Message",High,"  Loading 91 modules..."
"Message",Normal,"          P/Invoke 'RhWaitForPendingFinalizers' with [DllImport(ExactSpelling=true)] resolved to '[MRT]!RhWaitForPendingFinalizers'."
"Message",Normal,"          P/Invoke 'RhYield' with [DllImport(ExactSpelling=true)] resolved to '[MRT]!RhYield'."
"Message",Normal,"          P/Invoke 'RhCompatibleReentrantWaitAny' with [DllImport(ExactSpelling=true)] resolved to '[MRT]!RhCompatibleReentrantWaitAny'."
"Message",Normal,"          P/Invoke '_ecvt_s' with [DllImport(ExactSpelling=true)] resolved to '[MRT]!_ecvt_s'."
"Message",Normal,"          P/Invoke 'memmove' with [DllImport(ExactSpelling=true)] resolved to '[MRT]!memmove'."
"Message",Normal,"          P/Invoke 'CallingConventionConverter_GetStubs' with [DllImport(ExactSpelling=true)] resolved to '*!CallingConventionConverter_GetStubs'."
"Message",Normal,"          P/Invoke 'CallingConventionConverter_SpecifyCommonStubData' with [DllImport(ExactSpelling=true)] resolved to '*!CallingConventionConverter_SpecifyCommonStubData'."
"Message",Normal,"          P/Invoke 'GetLastError' resolved to 'api-ms-win-core-errorhandling-l1-1-0.dll!GetLastError' from 'D:\Windows Kits\10\lib\10.0.17134.0\um\arm\WindowsApp.lib'."
"Message",Normal,"          P/Invoke 'RoInitialize' resolved to 'api-ms-win-core-winrt-l1-1-0.dll!RoInitialize' from 'D:\Windows Kits\10\lib\10.0.17134.0\um\arm\WindowsApp.lib'."
"Message",Normal,"          P/Invoke 'IsValidLocaleName' resolved to 'api-ms-win-core-localization-l1-2-0.dll!IsValidLocaleName' from 'D:\Windows Kits\10\lib\10.0.17134.0\um\arm\WindowsApp.lib'."
"Message",Normal,"          P/Invoke 'ResolveLocaleName' resolved to 'api-ms-win-core-localization-l1-2-0.dll!ResolveLocaleName' from 'D:\Windows Kits\10\lib\10.0.17134.0\um\arm\WindowsApp.lib'."
"Message",Normal,"          P/Invoke 'CryptQueryObject' resolved to 'crypt32.dll!CryptQueryObject' from 'D:\Windows Kits\10\lib\10.0.17134.0\um\arm\WindowsApp.lib'."
"Message",Normal,"          P/Invoke 'GetCPInfoExW' resolved to 'api-ms-win-core-localization-l1-2-0.dll!GetCPInfoExW' from 'D:\Windows Kits\10\lib\10.0.17134.0\um\arm\WindowsApp.lib'."
"Message",Normal,"          P/Invoke 'RtlIpv6AddressToStringExW' resolved to 'ntdll.dll!RtlIpv6AddressToStringExW' from 'D:\Windows Kits\10\lib\10.0.17134.0\um\arm\WindowsApp.lib'."
"Message",Normal,"          P/Invoke 'RtlIpv4AddressToStringExW' resolved to 'ntdll.dll!RtlIpv4AddressToStringExW' from 'D:\Windows Kits\10\lib\10.0.17134.0\um\arm\WindowsApp.lib'."
"Message",Normal,"          P/Invoke 'RoGetBufferMarshaler' resolved to 'api-ms-win-core-winrt-robuffer-l1-1-0.dll!RoGetBufferMarshaler' from 'D:\Windows Kits\10\lib\10.0.17134.0\um\arm\WindowsApp.lib'."
"Message",Normal,"          P/Invoke 'CryptMsgGetParam' resolved to 'crypt32.dll!CryptMsgGetParam' from 'D:\Windows Kits\10\lib\10.0.17134.0\um\arm\WindowsApp.lib'."
"Message",Normal,"          P/Invoke 'CryptMsgGetParam' resolved to 'crypt32.dll!CryptMsgGetParam' from 'D:\Windows Kits\10\lib\10.0.17134.0\um\arm\WindowsApp.lib'."
"Message",Normal,"          P/Invoke 'PFXImportCertStore' resolved to 'crypt32.dll!PFXImportCertStore' from 'D:\Windows Kits\10\lib\10.0.17134.0\um\arm\WindowsApp.lib'."
"Message",Normal,"          P/Invoke 'CertDuplicateCertificateContext' resolved to 'crypt32.dll!CertDuplicateCertificateContext' from 'D:\Windows Kits\10\lib\10.0.17134.0\um\arm\WindowsApp.lib'."
"Message",Normal,"          P/Invoke 'CertGetCertificateContextProperty' resolved to 'crypt32.dll!CertGetCertificateContextProperty' from 'D:\Windows Kits\10\lib\10.0.17134.0\um\arm\WindowsApp.lib'."
"Message",Normal,"          P/Invoke 'CertCloseStore' resolved to 'crypt32.dll!CertCloseStore' from 'D:\Windows Kits\10\lib\10.0.17134.0\um\arm\WindowsApp.lib'."
"Message",Normal,"          P/Invoke 'CryptMsgClose' resolved to 'crypt32.dll!CryptMsgClose' from 'D:\Windows Kits\10\lib\10.0.17134.0\um\arm\WindowsApp.lib'."
"Message",Normal,"          P/Invoke 'CertFreeCertificateContext' resolved to 'crypt32.dll!CertFreeCertificateContext' from 'D:\Windows Kits\10\lib\10.0.17134.0\um\arm\WindowsApp.lib'."
"Message",Normal,"          P/Invoke 'CertDuplicateCertificateContext' resolved to 'crypt32.dll!CertDuplicateCertificateContext' from 'D:\Windows Kits\10\lib\10.0.17134.0\um\arm\WindowsApp.lib'."
"Message",Normal,"          P/Invoke 'CertGetCertificateContextProperty' resolved to 'crypt32.dll!CertGetCertificateContextProperty' from 'D:\Windows Kits\10\lib\10.0.17134.0\um\arm\WindowsApp.lib'."
"Message",Normal,"          P/Invoke 'CertFindCertificateInStore' resolved to 'crypt32.dll!CertFindCertificateInStore' from 'D:\Windows Kits\10\lib\10.0.17134.0\um\arm\WindowsApp.lib'."
"Message",Normal,"          P/Invoke 'CertEnumCertificatesInStore' resolved to 'crypt32.dll!CertEnumCertificatesInStore' from 'D:\Windows Kits\10\lib\10.0.17134.0\um\arm\WindowsApp.lib'."
"Message",Normal,"          P/Invoke 'CoCreateInstance' with [DllImport(ExactSpelling=true)] resolved to 'api-ms-win-core-com-l1-1-0.dll!CoCreateInstance'."
"Message",Normal,"          P/Invoke 'CertGetNameStringW' resolved to 'crypt32.dll!CertGetNameStringW' from 'D:\Windows Kits\10\lib\10.0.17134.0\um\arm\WindowsApp.lib'."
"Message",Normal,"          P/Invoke '#6' resolved to 'oleaut32.dll!#6' from 'D:\Windows Kits\10\lib\10.0.17134.0\um\arm\WindowsApp.lib'."
"Message",Normal,"          P/Invoke 'FormatMessageW' resolved to 'api-ms-win-core-localization-l1-2-0.dll!FormatMessageW' from 'D:\Windows Kits\10\lib\10.0.17134.0\um\arm\WindowsApp.lib'."
"Message",Normal,"          P/Invoke 'NCryptOpenKey' resolved to 'ncrypt.dll!NCryptOpenKey' from 'D:\Windows Kits\10\lib\10.0.17134.0\um\arm\WindowsApp.lib'."
"Message",Normal,"          P/Invoke 'NCryptDeleteKey' resolved to 'ncrypt.dll!NCryptDeleteKey' from 'D:\Windows Kits\10\lib\10.0.17134.0\um\arm\WindowsApp.lib'."
"Message",Normal,"          P/Invoke 'NCryptOpenStorageProvider' resolved to 'ncrypt.dll!NCryptOpenStorageProvider' from 'D:\Windows Kits\10\lib\10.0.17134.0\um\arm\WindowsApp.lib'."
"Message",Normal,"          P/Invoke 'FormatMessageW' resolved to 'api-ms-win-core-localization-l1-2-0.dll!FormatMessageW' from 'D:\Windows Kits\10\lib\10.0.17134.0\um\arm\WindowsApp.lib'."
"Message",Normal,"          P/Invoke 'NCryptFreeObject' resolved to 'ncrypt.dll!NCryptFreeObject' from 'D:\Windows Kits\10\lib\10.0.17134.0\um\arm\WindowsApp.lib'."
"Message",Normal,"          P/Invoke 'FormatMessageW' resolved to 'api-ms-win-core-localization-l1-2-0.dll!FormatMessageW' from 'D:\Windows Kits\10\lib\10.0.17134.0\um\arm\WindowsApp.lib'."
"Message",Normal,"          P/Invoke 'GetFileType' resolved to 'api-ms-win-core-file-l1-1-0.dll!GetFileType' from 'D:\Windows Kits\10\lib\10.0.17134.0\um\arm\WindowsApp.lib'."
"Message",Normal,"          P/Invoke 'GetFileInformationByHandleEx' resolved to 'api-ms-win-core-file-l2-1-0.dll!GetFileInformationByHandleEx' from 'D:\Windows Kits\10\lib\10.0.17134.0\um\arm\WindowsApp.lib'."
"Message",Normal,"          P/Invoke 'CreateThreadpoolIo' resolved to 'api-ms-win-core-threadpool-l1-2-0.dll!CreateThreadpoolIo' from 'D:\Windows Kits\10\lib\10.0.17134.0\um\arm\WindowsApp.lib'."
"Message",Normal,"          P/Invoke 'SetFilePointerEx' resolved to 'api-ms-win-core-file-l1-1-0.dll!SetFilePointerEx' from 'D:\Windows Kits\10\lib\10.0.17134.0\um\arm\WindowsApp.lib'."
"Message",Normal,"          P/Invoke 'GetFileAttributesExW' resolved to 'api-ms-win-core-file-l1-1-0.dll!GetFileAttributesExW' from 'D:\Windows Kits\10\lib\10.0.17134.0\um\arm\WindowsApp.lib'."
"Message",Normal,"          P/Invoke 'FindFirstFileExW' resolved to 'api-ms-win-core-file-l1-1-0.dll!FindFirstFileExW' from 'D:\Windows Kits\10\lib\10.0.17134.0\um\arm\WindowsApp.lib'."
"Message",Normal,"          P/Invoke 'SetEndOfFile' resolved to 'api-ms-win-core-file-l1-1-0.dll!SetEndOfFile' from 'D:\Windows Kits\10\lib\10.0.17134.0\um\arm\WindowsApp.lib'."
"Message",Normal,"          P/Invoke 'CreateFile2' resolved to 'api-ms-win-core-file-l1-2-0.dll!CreateFile2' from 'D:\Windows Kits\10\lib\10.0.17134.0\um\arm\WindowsApp.lib'."
"Message",Normal,"          P/Invoke 'CloseHandle' resolved to 'api-ms-win-core-handle-l1-1-0.dll!CloseHandle' from 'D:\Windows Kits\10\lib\10.0.17134.0\um\arm\WindowsApp.lib'."
"Message",Normal,"          P/Invoke 'FindClose' resolved to 'api-ms-win-core-file-l1-1-0.dll!FindClose' from 'D:\Windows Kits\10\lib\10.0.17134.0\um\arm\WindowsApp.lib'."
"Message",Normal,"          P/Invoke 'CloseThreadpoolIo' resolved to 'api-ms-win-core-threadpool-l1-2-0.dll!CloseThreadpoolIo' from 'D:\Windows Kits\10\lib\10.0.17134.0\um\arm\WindowsApp.lib'."
"Message",Normal,"          P/Invoke 'ReadFile' resolved to 'api-ms-win-core-file-l1-1-0.dll!ReadFile' from 'D:\Windows Kits\10\lib\10.0.17134.0\um\arm\WindowsApp.lib'."
"Message",Normal,"          P/Invoke 'ReadFile' resolved to 'api-ms-win-core-file-l1-1-0.dll!ReadFile' from 'D:\Windows Kits\10\lib\10.0.17134.0\um\arm\WindowsApp.lib'."
"Message",Normal,"          P/Invoke 'WriteFile' resolved to 'api-ms-win-core-file-l1-1-0.dll!WriteFile' from 'D:\Windows Kits\10\lib\10.0.17134.0\um\arm\WindowsApp.lib'."
"Message",Normal,"          P/Invoke 'WriteFile' resolved to 'api-ms-win-core-file-l1-1-0.dll!WriteFile' from 'D:\Windows Kits\10\lib\10.0.17134.0\um\arm\WindowsApp.lib'."
"Message",Normal,"          P/Invoke 'StartThreadpoolIo' resolved to 'api-ms-win-core-threadpool-l1-2-0.dll!StartThreadpoolIo' from 'D:\Windows Kits\10\lib\10.0.17134.0\um\arm\WindowsApp.lib'."
"Message",Normal,"          P/Invoke 'CancelThreadpoolIo' resolved to 'api-ms-win-core-threadpool-l1-2-0.dll!CancelThreadpoolIo' from 'D:\Windows Kits\10\lib\10.0.17134.0\um\arm\WindowsApp.lib'."
"Message",Normal,"          P/Invoke 'CancelIoEx' resolved to 'api-ms-win-core-io-l1-1-0.dll!CancelIoEx' from 'D:\Windows Kits\10\lib\10.0.17134.0\um\arm\WindowsApp.lib'."
"Message",Normal,"          P/Invoke 'FlushFileBuffers' resolved to 'api-ms-win-core-file-l1-1-0.dll!FlushFileBuffers' from 'D:\Windows Kits\10\lib\10.0.17134.0\um\arm\WindowsApp.lib'."
"Message",Normal,"          P/Invoke 'FormatMessageW' resolved to 'api-ms-win-core-localization-l1-2-0.dll!FormatMessageW' from 'D:\Windows Kits\10\lib\10.0.17134.0\um\arm\WindowsApp.lib'."
"Message",High,"  Generating code..."
"Message",High,"  Interop code generated."
"Message",Normal,"  Written code to AssemblyInfo.g.cs"
"Message",Normal,"  Written code to Adapters.g.cs"
"Message",Normal,"  Written code to Data.g.cs"
"Message",Normal,"  Written code to Helpers.g.cs"
"Message",Normal,"  Written code to ImplTypes.g.cs"
"Message",Normal,"  Written code to PInvoke.g.cs"
"Message",Normal,"  Written code to SafeTypes.g.cs"
"Message",Normal,"  Written code to SharedStubs.g.cs"
"Message",Normal,"Running 'GenerateCodeAndCompile' transform, heap at 200 MB."
"Message",High,"Generating serialization code"
"Message",High,"Compiling interop code"
"Message",Normal,"Compiling generated source code: C:\Program Files (x86)\Microsoft SDKs\UWPNuGetPackages\microsoft.net.native.compiler\1.7.3\tools\ARM\ilc\csc\csc.exe /noconfig @""C:\Users\Kamil\source\repos\IoT-GrupaC\EiT_SiU_SensorManager\EiT_SiU_SensorManager\obj\ARM\Release\ilc\intermediate\EiT-SiU-SensorManager.McgInterop.rsp"""
"Message",High,"Generating System.Reflection.DispatchProxy proxy code."
"Message",Normal,"Running 'DumpNativeResources' transform, heap at 200 MB."
"Message",Normal,"Running 'ReducedCopyInitialize' transform, heap at 200 MB."
"Message",Normal,"Running 'ReducedCopyEmptyTypes' transform, heap at 223 MB."
"Message",Normal,"Running 'ReducedCopyPopulateTypes' transform, heap at 225 MB."
"Message",Normal,"Running 'ReducedCopyLateMetadata' transform, heap at 161 MB."
"Message",Normal,"Running 'ReducedCopyMethodBodies' transform, heap at 169 MB."
"Message",Normal,"Running 'ReducedCopyComplete' transform, heap at 199 MB."
"Message",Normal,"Running 'ReducedCopyCleanup' transform, heap at 220 MB."
"Message",Normal,"Running 'DeveloperExperienceModeOnlyCodeRemover' transform, heap at 46 MB."
"Message",Normal,"Running 'ComImportDetector' transform, heap at 54 MB."
"Message",Normal,"Running 'McgAccessor' transform, heap at 54 MB."
"Message",Normal,"Running 'McgRedirect' transform, heap at 55 MB."
"Message",Normal,"Running 'McgRedirect' transform, heap at 58 MB."
"Message",Normal,"Running 'McgTypeOf' transform, heap at 59 MB."
"Message",Normal,"Running 'ExceptionMiniaturizer' transform, heap at 66 MB."
"Message",Normal,"Running 'EventSource' transform, heap at 78 MB."
"Message",Normal,"Running 'ValueType' transform, heap at 78 MB."
"Message",Normal,"Running 'Attribute' transform, heap at 78 MB."
"Message",Normal,"Running 'GetType' transform, heap at 78 MB."
"Message",Normal,"Running 'McgFixups' transform, heap at 78 MB."
"Message",Normal,"Running 'ResourceManagerCtor' transform, heap at 79 MB."
"Message",Normal,"Running 'TypeofTypeHandle' transform, heap at 79 MB."
"Message",Normal,"Running 'DispatchProxyIntrinsics' transform, heap at 81 MB."
"Message",Normal,"Running 'StaticInitData' transform, heap at 81 MB."
"Message",Normal,"Running 'StartupCodeInjector' transform, heap at 86 MB."
"Message",Normal,"Running 'InjectAppContextSwitches' transform, heap at 86 MB."
"Message",Normal,"Running 'ImplementLibraryDynamicInvokeHelpers' transform, heap at 86 MB."
"Message",Normal,"Running 'Delegate' transform, heap at 86 MB."
"Message",Normal,"Running 'DelegateCtorCall' transform, heap at 89 MB."
"Message",Normal,"Running 'LazyGenerics' transform, heap at 91 MB."
"Message",Normal,"Running 'AddReflectionBlockedAttributes' transform, heap at 104 MB."
"Message",Normal,"Running 'DisableOptimization' transform, heap at 104 MB."
"Message",Normal,"Running 'CreateMetadata' transform, heap at 104 MB."
"Message",Normal,"Running 'SaveRVAStatics' transform, heap at 63 MB."
"Message",Normal,"Running 'ReflectionInvoke' transform, heap at 63 MB."
"Message",Normal,"Running 'ScrubOpenCalls' transform, heap at 65 MB."
"Message",Normal,"Running 'ConvertCatchIntoFilter' transform, heap at 65 MB."
"Message",Normal,"Running 'ReflectionMappingInfoEmit' transform, heap at 65 MB."
"Message",Normal,"Running 'ConvertManagedWinMD' transform, heap at 68 MB."
"Message",Normal,"Running 'Reducer' transform, heap at 68 MB."
"Message",High,"Cleaning up unreferenced code"
"Message",Normal,"Running 'WriteAssemblies' transform, heap at 147 MB."
"Message",Normal,""
"Message",Normal,"Transform summary"
"Message",Normal,"    ms | heap delta | name"
"Message",Normal,"  6127 |        123 | Analysis"
"Message",Normal,"  3467 |          0 | GenerateCodeAndCompile"
"Message",Normal,"  1236 |         79 | Reducer"
"Message",Normal,"   833 |         46 | WriteAssemblies"
"Message",Normal,"   444 |         46 | Mcg"
"Message",Normal,"   423 |         23 | ReducedCopyInitialize"
"Message",Normal,"   346 |        -41 | CreateMetadata"
"Message",Normal,"   213 |         21 | ReducedCopyComplete"
"Message",Normal,"   165 |        -64 | ReducedCopyPopulateTypes"
"Message",Normal,"   150 |         30 | ReducedCopyMethodBodies"
"Message",Normal,"    85 |          7 | McgTypeOf"
"Message",Normal,"    73 |       -174 | ReducedCopyCleanup"
"Message",Normal,"    67 |         13 | LazyGenerics"
"Message",Normal,"    58 |          3 | McgRedirect"
"Message",Normal,"    48 |          5 | StaticInitData"
"Message",Normal,"    42 |          8 | ReducedCopyLateMetadata"
"Message",Normal,"    33 |         12 | ExceptionMiniaturizer"
"Message",Normal,"    30 |          1 | McgRedirect"
"Message",Normal,"    19 |          2 | DelegateCtorCall"
"Message",Normal,"    19 |          2 | TypeofTypeHandle"
"Message",Normal,"    14 |          3 | Delegate"
"Message",Normal,"    12 |          2 | ReducedCopyEmptyTypes"
"Message",Normal,"    10 |          8 | DeveloperExperienceModeOnlyCodeRemover"
"Message",Normal,"    10 |          0 | SaveRVAStatics"
"Message",Normal,"     6 |          2 | ReflectionInvoke"
"Message",Normal,"     6 |          0 | GetType"
"Message",Normal,"     5 |          0 | ScrubOpenCalls"
"Message",Normal,"     5 |          0 | DispatchProxyIntrinsics"
"Message",Normal,"     4 |          3 | ReflectionMappingInfoEmit"
"Message",Normal,"     4 |          1 | McgAccessor"
"Message",Normal,"     3 |          0 | DumpNativeResources"
"Message",Normal,"     3 |          1 | McgFixups"
"Message",Normal,"     2 |          0 | ValueType"
"Message",Normal,"     2 |          0 | ConvertCatchIntoFilter"
"Message",Normal,"     2 |          0 | StartupCodeInjector"
"Message",Normal,"     1 |          0 | Attribute"
"Message",Normal,"     1 |          0 | EventSource"
"Message",Normal,"     0 |          0 | ConvertManagedWinMD"
"Message",Normal,"     0 |          0 | ComImportDetector"
"Message",Normal,"     0 |          0 | ResourceManagerCtor"
"Message",Normal,"     0 |          0 | ImplementLibraryDynamicInvokeHelpers"
"Message",Normal,"     0 |          0 | InjectAppContextSwitches"
"Message",Normal,"     0 |          0 | DisableOptimization"
"Message",Normal,"     0 |          0 | AddReflectionBlockedAttributes"
"Message",Low,"Done executing task ""RunILTransforms""."
"Message",Low,"Done building target ""RunILTransforms"" in file ""ILTransforms""."
"Message",Low,"Done building project ""ILTransforms""."
"Message",Low,""
"Message",Low,""
"Message",Low,"Done building target ""GenerateMDIL"" in file ""Nutc""."
"Message",Low,""
"Message",High,"Generating native code"
"Message",Low,"Done building target ""MDILPrepareMultiFile"" in file ""Nutc""."
"Message",Low,""
"Message",Low,"Done building target ""SetBinaryForReferences"" in file ""Nutc""."
"Message",Low,""
"Message",Low,"Task ""GenerateMDILGlobalAnalysis"""
"Message",Normal,"Launching 'C:\Program Files (x86)\Microsoft SDKs\UWPNuGetPackages\microsoft.net.native.compiler\1.7.3\tools\ARM\ilc\Tools\nutc_driver.exe @""C:\Users\Kamil\source\repos\IoT-GrupaC\EiT_SiU_SensorManager\EiT_SiU_SensorManager\obj\ARM\Release\ilc\intermediate\MDIL\EiT-SiU-SensorManager.rsp""'"
"Message",Low,"Microsoft (R) MDIL Compiler - Version 1.7.25927.00"
"Message",Low,"Copyright (c) Microsoft Corporation.  All rights reserved."
"Message",Low,"Scanning input types"
"Message",Low,"Scanning 8094 methods."
"Message",Low,"Scanning 3738 methods."
"Message",Low,"Scanning 2372 methods."
"Message",Low,"Scanning 1493 methods."
"Message",Low,"Scanning 985 methods."
"Message",Low,"Scanning 735 methods."
"Message",Low,"Scanning 451 methods."
"Message",Low,"Scanning 386 methods."
"Message",Low,"Scanning 270 methods."
"Message",Low,"Scanning 266 methods."
"Message",Low,"Scanning 221 methods."
"Message",Low,"Scanning 97 methods."
"Message",Low,"Scanning 95 methods."
"Message",Low,"Scanning 94 methods."
"Message",Low,"Scanning 94 methods."
"Message",Low,"Scanning 86 methods."
"Message",Low,"Scanning 48 methods."
"Message",Low,"Scanning 20 methods."
"Message",Low,"Scanning 11 methods."
"Message",Low,"Scanning 3 methods."
"Message",Low,"Scanning 2 methods."
"Message",Low,"Scanning 1 methods."
"Message",Low,"Eager code generation"
"Message",Low,"Compiling 19562 methods."
"Message",Low,"Deferred code generation"
"Message",Low,"Compiling 4 methods."
"Message",Low,"Compiling 30 methods."
"Message",Low,"Successfully generated 'C:\Users\Kamil\source\repos\IoT-GrupaC\EiT_SiU_SensorManager\EiT_SiU_SensorManager\obj\ARM\Release\ilc\intermediate\MDIL\EiT-SiU-SensorManager.mdilexe'"
"Message",Low,"Successfully generated 'C:\Users\Kamil\source\repos\IoT-GrupaC\EiT_SiU_SensorManager\EiT_SiU_SensorManager\obj\ARM\Release\ilc\intermediate\MDIL\EiT-SiU-SensorManager.mdilpdb'"
"Message",Normal,"'C:\Program Files (x86)\Microsoft SDKs\UWPNuGetPackages\microsoft.net.native.compiler\1.7.3\tools\ARM\ilc\Tools\nutc_driver.exe @""C:\Users\Kamil\source\repos\IoT-GrupaC\EiT_SiU_SensorManager\EiT_SiU_SensorManager\obj\ARM\Release\ilc\intermediate\MDIL\EiT-SiU-SensorManager.rsp""' completed."
"Message",Normal,"Process execution statistics (all times in milliseconds)"
"Message",Normal,"-----------------------------------------------------------------------------"
"Message",Normal,"launch  |  start   |   stop   |   end    | duration | lifetime | [slot] name"
"Message",Normal,"-----------------------------------------------------------------------------"
"Message",Normal,"       0 |       31 |    24735 |    24735 |    24704 |    24735 | [0] Nutc GlobalAnalysis"
"Message",Normal,"Number of commands:      1"
"Message",Normal,"Total system time:       24735 ms"
"Message",Normal,"System time per command: 24735 ms"
"Message",Normal,"Total duration:          24704 ms"
"Message",Normal,"Total lifetime:          24735 ms"
"Message",Normal,"Requested DOP:           8"
"Message",Normal,"Duration DOP:            1.0"
"Message",Normal,"Lifetime DOP:            1.0"
"Message",Low,"Done executing task ""GenerateMDILGlobalAnalysis""."
"Message",Low,"Done building target ""GenerateMDILGlobalAnalysis"" in file ""Nutc""."
"Message",Low,""
"Message",Low,"Task ""rc"""
"Message",Normal,"Launching 'D:\Windows Kits\10\bin\10.0.17134.0\x64\rc.exe /c ""65001"" /r /fo ""C:\Users\Kamil\source\repos\IoT-GrupaC\EiT_SiU_SensorManager\EiT_SiU_SensorManager\obj\ARM\Release\ilc\intermediate\BuildInfo\BuildInfo.res"" ""C:\Users\Kamil\source\repos\IoT-GrupaC\EiT_SiU_SensorManager\EiT_SiU_SensorManager\obj\ARM\Release\ilc\intermediate\BuildInfo\BuildInfo.rc""'"
"Message",Low,"Microsoft (R) Windows (R) Resource Compiler Version 10.0.10011.16384"
"Message",Low,"Copyright (C) Microsoft Corporation.  All rights reserved."
"Message",Normal,"'D:\Windows Kits\10\bin\10.0.17134.0\x64\rc.exe /c ""65001"" /r /fo ""C:\Users\Kamil\source\repos\IoT-GrupaC\EiT_SiU_SensorManager\EiT_SiU_SensorManager\obj\ARM\Release\ilc\intermediate\BuildInfo\BuildInfo.res"" ""C:\Users\Kamil\source\repos\IoT-GrupaC\EiT_SiU_SensorManager\EiT_SiU_SensorManager\obj\ARM\Release\ilc\intermediate\BuildInfo\BuildInfo.rc""' completed."
"Message",Normal,"Process execution statistics (all times in milliseconds)"
"Message",Normal,"-----------------------------------------------------------------------------"
"Message",Normal,"launch  |  start   |   stop   |   end    | duration | lifetime | [slot] name"
"Message",Normal,"-----------------------------------------------------------------------------"
"Message",Normal,"       0 |       15 |       31 |       31 |       16 |       31 | [0] rc"
"Message",Normal,"Number of commands:      1"
"Message",Normal,"Total system time:       31 ms"
"Message",Normal,"System time per command: 31 ms"
"Message",Normal,"Total duration:          16 ms"
"Message",Normal,"Total lifetime:          31 ms"
"Message",Normal,"Requested DOP:           8"
"Message",Normal,"Duration DOP:            0.5"
"Message",Normal,"Lifetime DOP:            1.0"
"Message",Low,"Done executing task ""rc""."
"Message",Low,"Task ""ResourceBinaryConcatenate"""
"Message",Normal,"Concatenating into 'C:\Users\Kamil\source\repos\IoT-GrupaC\EiT_SiU_SensorManager\EiT_SiU_SensorManager\obj\ARM\Release\ilc\intermediate\Native.res' with alignment '4'."
"Message",Normal," Added 'C:\Users\Kamil\source\repos\IoT-GrupaC\EiT_SiU_SensorManager\EiT_SiU_SensorManager\obj\ARM\Release\ilc\intermediate\ILTransformed\EiT-SiU-SensorManager.res' at offset 0."
"Message",Normal," Added 'C:\Users\Kamil\source\repos\IoT-GrupaC\EiT_SiU_SensorManager\EiT_SiU_SensorManager\obj\ARM\Release\ilc\intermediate\BuildInfo\BuildInfo.res' at offset 1224."
"Message",Low,"Done executing task ""ResourceBinaryConcatenate""."
"Message",Low,"Done building target ""GenerateBuildInfo"" in file ""Nutc""."
"Message",Low,"Done building project ""Nutc""."
"Message",Low,""
"Message",Low,""
"Message",Low,"Done building target ""MDILBindPrepare"" in file ""Binder""."
"Message",Low,""
"Message",High,"Generating fixups for native code"
"Message",Low,"Task ""MDILBind"""
"Message",Normal,"Launching 'C:\Program Files (x86)\Microsoft SDKs\UWPNuGetPackages\microsoft.net.native.compiler\1.7.3\tools\ARM\ilc\Tools\rhbind.exe @""C:\Users\Kamil\source\repos\IoT-GrupaC\EiT_SiU_SensorManager\EiT_SiU_SensorManager\obj\ARM\Release\ilc\intermediate\rhbindargs.EiT-SiU-SensorManager.rsp""'"
"Message",Low,"OS VERSION: major: 6  minor: 2"
"Message",Low,"MDIL: C:\Users\Kamil\source\repos\IoT-GrupaC\EiT_SiU_SensorManager\EiT_SiU_SensorManager\obj\ARM\Release\ilc\intermediate\MDIL\EiT-SiU-SensorManager.mdilexe"
"Message",Low,"MDILPDB: C:\Users\Kamil\source\repos\IoT-GrupaC\EiT_SiU_SensorManager\EiT_SiU_SensorManager\obj\ARM\Release\ilc\intermediate\MDIL\EiT-SiU-SensorManager.mdilpdb"
"Message",Low,"IL: C:\Users\Kamil\source\repos\IoT-GrupaC\EiT_SiU_SensorManager\EiT_SiU_SensorManager\obj\ARM\Release\ilc\intermediate\MDIL\EiT-SiU-SensorManager.ilexe"
"Message",Low,"NI: C:\Users\Kamil\source\repos\IoT-GrupaC\EiT_SiU_SensorManager\EiT_SiU_SensorManager\obj\ARM\Release\ilc\intermediate\Native\EiT-SiU-SensorManager.dll"
"Message",Low,"SHIM: C:\Users\Kamil\source\repos\IoT-GrupaC\EiT_SiU_SensorManager\EiT_SiU_SensorManager\obj\ARM\Release\ilc\intermediate\Native\EiT-SiU-SensorManager.exe"
"Message",Low,"REDHAWK_RUNTIME_DLL_NAME_A=mrt100_app.dll"
"Message",Low,"pdb: C:\Users\Kamil\source\repos\IoT-GrupaC\EiT_SiU_SensorManager\EiT_SiU_SensorManager\obj\ARM\Release\ilc\intermediate\Native\EiT-SiU-SensorManager.pdb"
"Message",Low,"Produced C:\Users\Kamil\source\repos\IoT-GrupaC\EiT_SiU_SensorManager\EiT_SiU_SensorManager\obj\ARM\Release\ilc\intermediate\Native\EiT-SiU-SensorManager.dll in 1.264 seconds"
"Message",Normal,"'C:\Program Files (x86)\Microsoft SDKs\UWPNuGetPackages\microsoft.net.native.compiler\1.7.3\tools\ARM\ilc\Tools\rhbind.exe @""C:\Users\Kamil\source\repos\IoT-GrupaC\EiT_SiU_SensorManager\EiT_SiU_SensorManager\obj\ARM\Release\ilc\intermediate\rhbindargs.EiT-SiU-SensorManager.rsp""' completed."
"Message",Normal,"Process execution statistics (all times in milliseconds)"
"Message",Normal,"-----------------------------------------------------------------------------"
"Message",Normal,"launch  |  start   |   stop   |   end    | duration | lifetime | [slot] name"
"Message",Normal,"-----------------------------------------------------------------------------"
"Message",Normal,"       0 |       62 |     1359 |     1359 |     1297 |     1359 | [0] rhbind EiT-SiU-SensorManager"
"Message",Normal,"Number of commands:      1"
"Message",Normal,"Total system time:       1359 ms"
"Message",Normal,"System time per command: 1359 ms"
"Message",Normal,"Total duration:          1297 ms"
"Message",Normal,"Total lifetime:          1359 ms"
"Message",Normal,"Requested DOP:           8"
"Message",Normal,"Duration DOP:            1.0"
"Message",Normal,"Lifetime DOP:            1.0"
"Message",Low,"Done executing task ""MDILBind""."
"Message",Low,"Done building target ""MDILBind"" in file ""Binder""."
"Message",Low,"Done building project ""Binder""."
"Message",Low,""
"Message",Low,""
"Message",Low,"Done building target ""CopyNativeExecutablesToOutput"" in file ""Deployment""."
"Message",Low,""
"Message",Low,"Task ""TransformAppxManifest"""
"Message",Low,"Done executing task ""TransformAppxManifest""."
"Message",Low,"Done building target ""TransformAppxManifestAndAddCrt"" in file ""Deployment""."
"Message",Low,""
"Message",Low,"Done building target ""CopyPackageResourceFileInRetailBuild"" in file ""Deployment""."
"Message",Low,"Done building project ""Deployment""."
"Message",Low,"Compilation finished"
